customer_id,company,country
C001,Harbor Line Fabrication,United States
C002,Nordhaus Metallbau,Germany
C003,Pacific Rim Tooling,Australia
C004,Selatan Engineering,Indonesia
C005,Maple Leaf Machine Shop,Canada
C006,Kestrel Components,United Kingdom
C007,Rio Grande Welding,United States
C008,Van Dijk Precision,Netherlands
C009,Lakeside Cabinets,United States
C010,Sunrise Auto Parts,Philippines
C011,Aurora Robotics,Sweden
C012,Tasman Marine Supply,New Zealand
C013,Cedar Point Plastics,United States
